{
   "forward": [
      {
         "velocity": 1.0,
         "angle": 45.0,
         "spin": 10.0
      },
      {
         "velocity": 0.025,
         "angle": 1.4320961841646465,
         "spin": 0.25
      }
   ],
   "backward": [
      {
         "velocity": 0.02040816326530612,
         "angle": 1.169139327907419,
         "spin": 0.20408163265306123
      }
   ]
}